{
    "Dance": 0.3571408428638571,
    "Electronic": 0.3237114636336426,
    "Folk/Country": 0.3166745354528523,
    "Hip-hop/Rap": 0.2946891903453652,
    "Metal": 0.33451686813620923,
    "Pop": 0.3542745627421059,
    "R&B/Soul": 0.350784015375991,
    "Rock": 0.3280845256157566,
    "Special": 0.29068572129538767,
    "World": 0.37498325722983256
}